{"RMSE_loss_train": 0.591767834366012, "RMSE_loss_val": 1.9198793342720972, "R_squared_train": -0.18353566873202398, "R_squared_val": -7.639457004224438, "training_duration": 0.14713597297668457, "inference_latency": 3.550052642822266e-07}