{"RMSE": 1.608249410201519, "Accuracy": 0.37593984962406013, "Score": 0.37593984962406013}