{"RMSE_loss_train": 2.7349075652761057, "RMSE_loss_val": 0.2554608486568637, "R_squared_train": -2.646543420368141, "R_squared_val": 0.7126065452610284, "training_duration": 0.043395042419433594, "inference_latency": 2.4294853210449217e-07}