{"RMSE_loss_train": 17716.34722763283, "RMSE_loss_val": 10390.244312626199, "R_squared_train": -2.7517867166371657, "R_squared_val": -3.328066222976756, "training_duration": 0.05482077598571777, "inference_latency": 2.040863037109375e-07}