{"RMSE_loss_train": 12.24994436903228, "RMSE_loss_val": 2.6184878071738837, "R_squared_train": -1.0906571723148422, "R_squared_val": 0.0, "training_duration": 0.05481386184692383, "inference_latency": 2.5796890258789064e-07}