{"RMSE_loss_train": 28135.988108755562, "RMSE_loss_val": 18618.787569805056, "R_squared_train": -4.54021622698741, "R_squared_val": -12.915386823471641, "training_duration": 0.08473777770996094, "inference_latency": 5.309581756591797e-07}