{"RMSE_loss_train": 7.966295041738538, "RMSE_loss_val": 11.027806887621992, "R_squared_train": -2.983147520869269, "R_squared_val": -3.135427582858247, "training_duration": 0.08598685264587402, "inference_latency": 3.9505958557128907e-07}