{"RMSE_loss_train": 12283.931274333423, "RMSE_loss_val": 100331.11627553105, "R_squared_train": -2.9178702678487767, "R_squared_val": -2.9990258922930884, "training_duration": 0.027589082717895508, "inference_latency": 1.590251922607422e-07}