{"RMSE_loss_train": 6.886535810956296, "RMSE_loss_val": 4.6944144031413755, "R_squared_train": -1.1189340956788603, "R_squared_val": -2.0178378305908837, "training_duration": 0.05365705490112305, "inference_latency": 2.830028533935547e-07}