{"RMSE_loss_train": 1.6271116475543228, "RMSE_loss_val": 0.15416210782416384, "R_squared_train": -0.7355857573912776, "R_squared_val": 0.30627051479126266, "training_duration": 0.09920001029968262, "inference_latency": 9.6893310546875e-07}