{"RMSE_loss_train": 10610.030688069453, "RMSE_loss_val": 32327.34194074175, "R_squared_train": -5.550665290723954, "R_squared_val": 0.09005986868576643, "training_duration": 0.04371523857116699, "inference_latency": 2.1886825561523438e-07}