{"RMSE_loss_train": 2.7388340688903563, "RMSE_loss_val": 2.840855979416404, "R_squared_train": 0.24118882939834285, "R_squared_val": 0.20100925578913642, "training_duration": 0.04263186454772949, "inference_latency": 2.0289421081542968e-07}