{"RMSE_loss_train": 13949.49354404755, "RMSE_loss_val": 4324.105345333964, "R_squared_train": -0.017655257699139115, "R_squared_val": -152.2163311338806, "training_duration": 0.04445004463195801, "inference_latency": 2.5391578674316405e-07}