{"RMSE_loss_train": 30080.995440317834, "RMSE_loss_val": 38821.01536524727, "R_squared_train": -2.5853458237599916, "R_squared_val": -19.530564007946026, "training_duration": 0.13313984870910645, "inference_latency": 6.206989288330078e-06}