{"RMSE_loss_train": 26.47364038118772, "RMSE_loss_val": 7.6025007020359885, "R_squared_train": -1.941515597909747, "R_squared_val": -7.552813289790487, "training_duration": 0.1096341609954834, "inference_latency": 2.2578239440917968e-07}