{"RMSE_loss_train": 61765.16989392611, "RMSE_loss_val": 208447.46201312248, "R_squared_train": -0.6777353051549555, "R_squared_val": -0.9084362220407989, "training_duration": 0.09992408752441406, "inference_latency": 3.9124488830566407e-07}