{"RMSE_loss_train": 27034.690339814384, "RMSE_loss_val": 57230.28631449743, "R_squared_train": -1.0108200681594282, "R_squared_val": -68.54801199439332, "training_duration": 0.06516385078430176, "inference_latency": 4.7087669372558596e-07}