{"RMSE_loss_train": 23341.098653559446, "RMSE_loss_val": 12265.307449665643, "R_squared_train": -0.05843997264167777, "R_squared_val": -7.738740266544552, "training_duration": 0.04045414924621582, "inference_latency": 2.1409988403320313e-07}