{"RMSE_loss_train": 16839.460977477123, "RMSE_loss_val": 35927.34147111062, "R_squared_train": -3.7771520503481204, "R_squared_val": -15.162454925522127, "training_duration": 0.058872222900390625, "inference_latency": 2.4890899658203126e-07}