{"RMSE_loss_train": 26.494897469541147, "RMSE_loss_val": 11.742964499686716, "R_squared_train": -1.368258991690829, "R_squared_val": -1.1137336099436088, "training_duration": 0.054380178451538086, "inference_latency": 2.830028533935547e-07}