{"RMSE_loss_train": 0.7559297200575167, "RMSE_loss_val": 0.40160618238729934, "R_squared_train": -0.02935110816342701, "R_squared_val": 0.5481930448142882, "training_duration": 0.04351687431335449, "inference_latency": 2.7990341186523436e-07}