{"RMSE_loss_train": 40604.0317404373, "RMSE_loss_val": 11978.97074268895, "R_squared_train": -1.757114941294038, "R_squared_val": -2.1157371447951148, "training_duration": 0.06247091293334961, "inference_latency": 2.2220611572265626e-06}