{"RMSE_loss_train": 6.459110179848591, "RMSE_loss_val": 2.331279591389267, "R_squared_train": -1.9527360822164987, "R_squared_val": -9.490758161251703, "training_duration": 0.05655694007873535, "inference_latency": 7.951259613037109e-07}