{"RMSE_loss_train": 25930.33504508745, "RMSE_loss_val": 7052.613652943771, "R_squared_train": 0.04093815064575601, "R_squared_val": -0.3205493046330865, "training_duration": 0.049479007720947266, "inference_latency": 2.920627593994141e-07}