{"R_squared_train": 0.6346149790696534, "R_squared_val": -0.22366459550190587, "training_duration": 0.04964184761047363, "inference_latency": 1.8405914306640625e-07}