{"R_squared_train": -0.2717604218944625, "R_squared_val": -4.919328322650786, "training_duration": 0.09206795692443848, "inference_latency": 1.8310546875e-07}