{"RMSE_loss_train": 29034.378665914086, "RMSE_loss_val": 12665.660645794213, "R_squared_train": -1.054969753417486, "R_squared_val": -4.7035397684453075, "training_duration": 0.06462693214416504, "inference_latency": 4.1484832763671875e-07}