{"RMSE_loss_train": 4.67922335743583, "RMSE_loss_val": 1.6122171148881161, "R_squared_train": -1.5165570997974211, "R_squared_val": -6.254977016996523, "training_duration": 0.07306790351867676, "inference_latency": 2.689361572265625e-07}