{"RMSE_loss_train": 16284.810009950997, "RMSE_loss_val": 8665.419552274934, "R_squared_train": 0.5156537706444096, "R_squared_val": 0.46981756400172403, "training_duration": 0.15003395080566406, "inference_latency": 0.00010487985610961915}