{"RMSE_loss_train": 9.560959051671713, "RMSE_loss_val": 1.198537168131893, "R_squared_train": -3.370724137907069, "R_squared_val": -4.393417256593518, "training_duration": 0.24296903610229492, "inference_latency": 8.433818817138672e-06}