{"RMSE": 77.79842756193547, "Score": 0.4800224292709223}