{"RMSE_loss_train": 0.7940258333596643, "RMSE_loss_val": 0.34920805241152153, "R_squared_train": -0.05870111114621901, "R_squared_val": -0.571436235851847, "training_duration": 0.04148387908935547, "inference_latency": 2.079010009765625e-07}