{"RMSE_loss_train": 9.51471602684827, "RMSE_loss_val": 0.8824031589777596, "R_squared_train": -1.5372576071595385, "R_squared_val": -2.970814215399918, "training_duration": 0.08509111404418945, "inference_latency": 0.00010073494911193847}