{"RMSE_loss_train": 2076.868993333276, "RMSE_loss_val": 97800.61512162107, "R_squared_train": -0.29059447498645197, "R_squared_val": 0.03333816248142396, "training_duration": 0.048484086990356445, "inference_latency": 2.1719932556152345e-07}