{"RMSE_loss_train": 47.27910064448724, "RMSE_loss_val": 2.363310115787473, "R_squared_train": -0.42796717378347493, "R_squared_val": -1.658723880260907, "training_duration": 0.06208992004394531, "inference_latency": 5.161762237548828e-07}