{"R_squared_train": 0.5274797381685721, "R_squared_val": -0.7180227352606736, "training_duration": 0.06612586975097656, "inference_latency": 2.0098686218261718e-07}