{"RMSE_loss_train": 10439.911186468573, "RMSE_loss_val": 7581.391321214428, "R_squared_train": -1.71113709964775, "R_squared_val": -1.4263040285516624, "training_duration": 0.05857205390930176, "inference_latency": 8.380413055419922e-07}