{"RMSE_loss_train": 21571.782364459927, "RMSE_loss_val": 29060.905905686395, "R_squared_train": -2.92366935803263, "R_squared_val": -2.463388240567514, "training_duration": 0.17522788047790527, "inference_latency": 7.45081901550293e-06}