{"RMSE_loss_train": 14.878068090254315, "RMSE_loss_val": 5.114756425203089, "R_squared_train": -1.251055219329258, "R_squared_val": -4.754100978353475, "training_duration": 0.04601407051086426, "inference_latency": 2.1100044250488281e-07}