{"RMSE_loss_train": 3992.791586741624, "RMSE_loss_val": 354818.36663006735, "R_squared_train": -0.45245237786163117, "R_squared_val": -0.6752396633696982, "training_duration": 0.05082392692565918, "inference_latency": 4.31060791015625e-07}