{"RMSE_loss_train": 762.3882148080964, "RMSE_loss_val": 3101.151058759699, "R_squared_train": 0.8027192916757242, "R_squared_val": 0.07391467486769887, "training_duration": 0.05546903610229492, "inference_latency": 4.4107437133789065e-07}