{"RMSE_loss_train": 3.0038884995915325, "RMSE_loss_val": 3.608226677244135, "R_squared_train": -1.7077304785050433, "R_squared_val": -0.8041133386220676, "training_duration": 0.05738425254821777, "inference_latency": 3.0398368835449217e-07}