{"RMSE": 86.77905884165682, "Score": 0.35304683237564904}