{"RMSE": 86.28450827532531, "Score": 0.36039974367083416}