{"RMSE_loss_train": 8.029071807501403, "RMSE_loss_val": 20.095797357448884, "R_squared_train": -1.9875616027912195, "R_squared_val": -1.5119746696811105, "training_duration": 0.05285191535949707, "inference_latency": 3.1185150146484376e-07}