{"RMSE": 1.8977628301235367, "Accuracy": 0.3684210526315789, "Score": 0.3684210526315789}