{"RMSE_loss_train": 2.8879772385326477, "RMSE_loss_val": 0.7729539509894763, "R_squared_train": -4.962275589228692, "R_squared_val": -2.4782927794526435, "training_duration": 0.1108238697052002, "inference_latency": 3.871917724609375e-07}