{"RMSE_loss_train": 0.7975469367398779, "RMSE_loss_val": 4.294512030736098, "R_squared_train": 0.28108445138940585, "R_squared_val": -0.20783150864452749, "training_duration": 0.04367375373840332, "inference_latency": 2.8181076049804686e-07}