{"RMSE_loss_train": 11199.479879608263, "RMSE_loss_val": 1804.2317835340934, "R_squared_train": 0.36328549257952514, "R_squared_val": -0.39406645362352677, "training_duration": 0.045803070068359375, "inference_latency": 1.7786026000976562e-07}