{"RMSE_loss_train": 1.2165510402951851, "RMSE_loss_val": 0.3684821642385699, "R_squared_train": 0.5944829865682717, "R_squared_val": -0.6581697390735646, "training_duration": 0.048773765563964844, "inference_latency": 2.090930938720703e-07}