{"RMSE_loss_train": 4656.226372162173, "RMSE_loss_val": 1349.5539369233848, "R_squared_train": -0.9297545561113245, "R_squared_val": 0.4920548079495457, "training_duration": 0.05686497688293457, "inference_latency": 8.230209350585937e-07}