{"RMSE_loss_train": 3.2454120626982097, "RMSE_loss_val": 0.7518109595443873, "R_squared_train": -1.6291945824390561, "R_squared_val": 0.0, "training_duration": 0.050488948822021484, "inference_latency": 1.9812583923339843e-07}