{"RMSE_loss_train": 1.9740945318157754, "RMSE_loss_val": 0.7474831117294297, "R_squared_train": -1.1057008339368273, "R_squared_val": -2.363674002782434, "training_duration": 0.06733918190002441, "inference_latency": 2.830028533935547e-07}