{"RMSE": 145.24189041309407, "Score": -0.8122860937874636}