{"RMSE": 116.00048238000203, "Score": -0.15601258648526728}