{"RMSE": 1.7277043746008858, "Accuracy": 0.37593984962406013, "Score": 0.37593984962406013}