{"RMSE_loss_train": 14.14210642478293, "RMSE_loss_val": 4.707061268661469, "R_squared_train": -0.9506353689355767, "R_squared_val": -20.18177570897661, "training_duration": 0.04260706901550293, "inference_latency": 2.8204917907714845e-07}