{"RMSE_loss_train": 3.594621426503481, "RMSE_loss_val": 38.599671703781034, "R_squared_train": -0.9332417755985107, "R_squared_val": -9.856157666688416, "training_duration": 0.04271697998046875, "inference_latency": 2.0194053649902343e-07}