{"RMSE_loss_train": 11641.600697974507, "RMSE_loss_val": 8136.494779330038, "R_squared_train": 0.24480893273547977, "R_squared_val": -2.019979091635201, "training_duration": 0.03645205497741699, "inference_latency": 4.160404205322266e-07}