{"RMSE_loss_train": 2027.1142590289778, "RMSE_loss_val": 6168.870695024117, "R_squared_train": 0.8459579265217998, "R_squared_val": -6.45432817604955, "training_duration": 0.04925203323364258, "inference_latency": 2.491474151611328e-07}