{"RMSE": 1.8475751228533215, "Accuracy": 0.2556390977443609, "Score": 0.2556390977443609}